{
  "constraints": {
    "max_gate_count": {},
    "optimization_parameter": "3"
  },
  "preferences": {
    "machine_precision": 8,
    "custom_hardware_settings": {
      "basis_gates": [
        "u2",
        "r",
        "cy",
        "t",
        "sdg",
        "x",
        "z",
        "s",
        "h",
        "sxdg",
        "p",
        "u",
        "rx",
        "rz",
        "y",
        "cz",
        "tdg",
        "cx",
        "sx",
        "u1",
        "id",
        "ry"
      ],
      "is_symmetric_connectivity": true
    },
    "debug_mode": true,
    "synthesize_all_separately": false,
    "optimization_level": 3,
    "output_format": ["qasm"],
    "pretty_qasm": true,
    "transpilation_option": "auto optimize",
    "timeout_seconds": 300,
    "random_seed": 723171489
  }
}
